<?xml version="1.0" encoding="UTF-8"?>
<slideshow>
	<album title="Children, they are amaizing">
	<image caption="My Man!!">children/911663_80811929.jpg</image>
	<image caption="Children, they are awesome">children/996565_59898365.jpg</image>
	<image caption="Tiny fingers">children/982489_11081626.jpg</image>
	<image caption="Nice hat">children/853362_96437847.jpg</image>
	<image caption="Are you talking to me?">children/858453_20119645.jpg</image>
	<image caption="Cute">children/1001715_91317791.jpg</image>
	<image caption="Lovely">children/1021553_52295936.jpg</image>
	<image caption="Reminds me of somebody">children/894940_58825998.jpg</image>
	<image caption="Please, don't cry">children/830047_48684622.jpg</image>
	<image caption="It's cold outside">children/782257_73366100.jpg</image>
	</album>
	
	<album title="Underwater jellyfish">
	<image caption="Complicated">jellyfish/47392_9762.jpg</image>
	<image caption="Art Work">jellyfish/28542_8641.jpg</image>
	<image caption="Inspiring">jellyfish/254498_8896.jpg</image>
	<image caption="Firework Field">jellyfish/457166_53606543.jpg</image>
	<image caption="Don't Touch">jellyfish/634117_10246155.jpg</image>
	<image caption="Upsidedown downsideUp">jellyfish/832005_67330907.jpg</image>
	<image caption="Diving">jellyfish/866044_75883004.jpg</image>
	</album>
	
	<album title="Toy Cars">
	<image caption="That is a Porsche">toycars/650357_80098651.jpg</image>
	<image caption="I wish I could see in the streets">toycars/648658_34547329.jpg</image>
	<image caption="Might be difficult to park">toycars/794701_53164318.jpg</image>
	<image caption="Miami Vice">toycars/794710_67293266.jpg</image>
	<image caption="Ghostbusters style">toycars/831216_78242179.jpg</image>
	<image caption="Nice car-ved">toycars/839674_34552792.jpg</image>
	<image caption="Needs some touch">toycars/920543_49205263.jpg</image>
	<image caption="Bomberos">toycars/1000241_67294548.jpg</image>
	<image caption="I always liked trucks but not the ones in the highway">toycars/1000242_52347282.jpg</image>
	<image caption="Taxiii">toycars/1001106_36613678.jpg</image>
	</album>
	
	<album title="Chimneys">
	<image caption="Intelligent Openning">chimney/823813_96287650.jpg</image>
	<image caption="Twins">chimney/705368_57557361.jpg</image>
	<image caption="Nice hut">chimney/854092_70217189.jpg</image>
	<image caption="Do they have faces?">chimney/1000337_73080547.jpg</image>
	<image caption="A lot of craftsmanship">chimney/1008255_48436110.jpg</image>
	</album>
	
	<album title="Trains">
	<image caption="Where are you going?">trains/967472_47225467.jpg</image>
	<image caption="Obedient">trains/936699_66283501.jpg</image>
	<image caption="Resting">trains/985908_10638016.jpg</image>
	<image caption="Still working, always does">trains/1002999_29939644.jpg</image>
	<image caption="Rust is a must">trains/1010522_15591421.jpg</image>
	</album>
</slideshow>